year,province_slug,province,gross,net_annual,net_monthly,net_biweekly,federal_tax,provincial_tax,cpp_qpp_qpip,ei,total_deductions,average_tax_rate_pct,total_deduction_rate_pct
2026,ontario,Ontario,30000,25482,2124,980,1397,1055,1577,489,4518,8.17,15.06
2026,ontario,Ontario,35000,29223,2435,1124,2044,1288,1874,571,5777,9.52,16.51
2026,ontario,Ontario,40000,32814,2734,1262,2691,1671,2172,652,7186,10.91,17.97
2026,ontario,Ontario,45000,36554,3046,1406,3338,1905,2469,733,8446,11.65,18.77
2026,ontario,Ontario,50000,40145,3345,1544,3985,2288,2767,815,9855,12.55,19.71
2026,ontario,Ontario,55000,43861,3655,1687,4632,2546,3064,896,11139,13.05,20.25
2026,ontario,Ontario,60000,47340,3945,1821,5338,2982,3362,978,12660,13.87,21.1
2026,ontario,Ontario,65000,50556,4213,1944,6307,3419,3659,1060,14444,14.96,22.22
2026,ontario,Ontario,70000,53786,4482,2069,7278,3856,3957,1123,16214,15.91,23.16
2026,ontario,Ontario,75000,56926,4744,2189,8259,4446,4246,1123,18074,16.94,24.1
2026,ontario,Ontario,80000,60303,5025,2319,9243,4885,4446,1123,19697,17.66,24.62
2026,ontario,Ontario,85000,63679,5307,2449,10227,5324,4646,1123,21321,18.3,25.08
2026,ontario,Ontario,90000,67197,5600,2584,11252,5782,4646,1123,22803,18.93,25.34
2026,ontario,Ontario,95000,70714,5893,2720,12277,6239,4646,1123,24286,19.49,25.56
2026,ontario,Ontario,100000,74206,6184,2854,13302,6723,4646,1123,25794,20.02,25.79
2026,ontario,Ontario,105000,77632,6469,2986,14327,7272,4646,1123,27368,20.57,26.06
2026,ontario,Ontario,110000,81032,6753,3117,15352,7847,4646,1123,28968,21.09,26.33
2026,ontario,Ontario,115000,84337,7028,3244,16377,8517,4646,1123,30663,21.65,26.66
2026,ontario,Ontario,120000,87343,7279,3359,17502,9386,4646,1123,32657,22.41,27.21
2026,ontario,Ontario,125000,90172,7514,3468,18802,10256,4646,1123,34828,23.25,27.86
2026,ontario,Ontario,130000,93002,7750,3577,20102,11127,4646,1123,36998,24.02,28.46
2026,ontario,Ontario,135000,95831,7986,3686,21402,11997,4646,1123,39169,24.74,29.01
2026,ontario,Ontario,140000,98661,8222,3795,22702,12867,4646,1123,41339,25.41,29.53
2026,ontario,Ontario,145000,101490,8458,3903,24002,13738,4646,1123,43510,26.03,30.01
2026,ontario,Ontario,150000,104320,8693,4012,25302,14608,4646,1123,45680,26.61,30.45
2026,ontario,Ontario,155000,107089,8924,4119,26602,15539,4646,1123,47911,27.19,30.91
2026,ontario,Ontario,160000,109841,9153,4225,27902,16488,4646,1123,50159,27.74,31.35
2026,ontario,Ontario,165000,112592,9383,4330,29202,17436,4646,1123,52408,28.27,31.76
2026,ontario,Ontario,170000,115344,9612,4436,30502,18385,4646,1123,54656,28.76,32.15
2026,ontario,Ontario,175000,118095,9841,4542,31802,19333,4646,1123,56905,29.22,32.52
2026,ontario,Ontario,180000,120847,10071,4648,33102,20282,4646,1123,59153,29.66,32.86
2026,ontario,Ontario,185000,123518,10293,4751,34482,21230,4646,1123,61482,30.11,33.23
2026,ontario,Ontario,190000,126105,10509,4850,35947,22179,4646,1123,63895,30.59,33.63
2026,ontario,Ontario,195000,128691,10724,4950,37412,23127,4646,1123,66309,31.05,34
2026,ontario,Ontario,200000,131278,10940,5049,38877,24076,4646,1123,68722,31.48,34.36
2026,bc,British Columbia,30000,26254,2188,1010,1397,282,1577,489,3746,5.6,12.49
2026,bc,British Columbia,35000,29793,2483,1146,2044,717,1874,571,5207,7.89,14.88
2026,bc,British Columbia,40000,33333,2778,1282,2691,1152,2172,652,6667,9.61,16.67
2026,bc,British Columbia,45000,36872,3073,1418,3338,1587,2469,733,8128,10.95,18.06
2026,bc,British Columbia,50000,40574,3381,1561,3985,1859,2767,815,9426,11.69,18.85
2026,bc,British Columbia,55000,44203,3684,1700,4632,2205,3064,896,10797,12.43,19.63
2026,bc,British Columbia,60000,47755,3980,1837,5338,2567,3362,978,12245,13.18,20.41
2026,bc,British Columbia,65000,51044,4254,1963,6307,2930,3659,1060,13956,14.21,21.47
2026,bc,British Columbia,70000,54348,4529,2090,7278,3294,3957,1123,15652,15.1,22.36
2026,bc,British Columbia,75000,57711,4809,2220,8259,3661,4246,1123,17289,15.89,23.05
2026,bc,British Columbia,80000,61157,5096,2352,9243,4031,4446,1123,18843,16.59,23.55
2026,bc,British Columbia,85000,64603,5384,2485,10227,4401,4646,1123,20397,17.21,24
2026,bc,British Columbia,90000,68193,5683,2623,11252,4786,4646,1123,21807,17.82,24.23
2026,bc,British Columbia,95000,71783,5982,2761,12277,5171,4646,1123,23217,18.37,24.44
2026,bc,British Columbia,100000,75373,6281,2899,13302,5556,4646,1123,24627,18.86,24.63
2026,bc,British Columbia,105000,78875,6573,3034,14327,6029,4646,1123,26125,19.39,24.88
2026,bc,British Columbia,110000,82325,6860,3166,15352,6554,4646,1123,27675,19.91,25.16
2026,bc,British Columbia,115000,85775,7148,3299,16377,7079,4646,1123,29225,20.4,25.41
2026,bc,British Columbia,120000,89067,7422,3426,17502,7661,4646,1123,30933,20.97,25.78
2026,bc,British Columbia,125000,92153,7679,3544,18802,8276,4646,1123,32847,21.66,26.28
2026,bc,British Columbia,130000,95238,7937,3663,20102,8890,4646,1123,34762,22.3,26.74
2026,bc,British Columbia,135000,98324,8194,3782,21402,9505,4646,1123,36676,22.89,27.17
2026,bc,British Columbia,140000,101409,8451,3900,22702,10119,4646,1123,38591,23.44,27.56
2026,bc,British Columbia,145000,104412,8701,4016,24002,10817,4646,1123,40588,24.01,27.99
2026,bc,British Columbia,150000,107377,8948,4130,25302,11552,4646,1123,42623,24.57,28.42
2026,bc,British Columbia,155000,110342,9195,4244,26602,12287,4646,1123,44658,25.09,28.81
2026,bc,British Columbia,160000,113307,9442,4358,27902,13022,4646,1123,46693,25.58,29.18
2026,bc,British Columbia,165000,116272,9689,4472,29202,13757,4646,1123,48728,26.04,29.53
2026,bc,British Columbia,170000,119237,9936,4586,30502,14492,4646,1123,50763,26.47,29.86
2026,bc,British Columbia,175000,122202,10183,4700,31802,15227,4646,1123,52798,26.87,30.17
2026,bc,British Columbia,180000,125167,10431,4814,33102,15962,4646,1123,54833,27.26,30.46
2026,bc,British Columbia,185000,128051,10671,4925,34482,16697,4646,1123,56949,27.66,30.78
2026,bc,British Columbia,190000,130852,10904,5033,35947,17432,4646,1123,59148,28.09,31.13
2026,bc,British Columbia,195000,133579,11132,5138,37412,18240,4646,1123,61421,28.54,31.5
2026,bc,British Columbia,200000,136274,11356,5241,38877,19080,4646,1123,63726,28.98,31.86
2026,alberta,Alberta,30000,26124,2177,1005,1397,413,1577,489,3876,6.04,12.92
2026,alberta,Alberta,35000,29728,2477,1143,2044,783,1874,571,5272,8.08,15.06
2026,alberta,Alberta,40000,33332,2778,1282,2691,1153,2172,652,6668,9.61,16.67
2026,alberta,Alberta,45000,36937,3078,1421,3338,1522,2469,733,8063,10.8,17.92
2026,alberta,Alberta,50000,40541,3378,1559,3985,1892,2767,815,9459,11.75,18.92
2026,alberta,Alberta,55000,44146,3679,1698,4632,2262,3064,896,10854,12.53,19.74
2026,alberta,Alberta,60000,47691,3974,1834,5338,2631,3362,978,12309,13.28,20.52
2026,alberta,Alberta,65000,50910,4242,1958,6307,3065,3659,1060,14090,14.42,21.68
2026,alberta,Alberta,70000,54107,4509,2081,7278,3535,3957,1123,15893,15.45,22.7
2026,alberta,Alberta,75000,57362,4780,2206,8259,4010,4246,1123,17638,16.36,23.52
2026,alberta,Alberta,80000,60698,5058,2335,9243,4490,4446,1123,19302,17.17,24.13
2026,alberta,Alberta,85000,64034,5336,2463,10227,4970,4646,1123,20966,17.88,24.67
2026,alberta,Alberta,90000,67509,5626,2596,11252,5470,4646,1123,22491,18.58,24.99
2026,alberta,Alberta,95000,70984,5915,2730,12277,5970,4646,1123,24016,19.21,25.28
2026,alberta,Alberta,100000,74459,6205,2864,13302,6470,4646,1123,25541,19.77,25.54
2026,alberta,Alberta,105000,77934,6494,2997,14327,6970,4646,1123,27066,20.28,25.78
2026,alberta,Alberta,110000,81409,6784,3131,15352,7470,4646,1123,28591,20.75,25.99
2026,alberta,Alberta,115000,84884,7074,3265,16377,7970,4646,1123,30116,21.17,26.19
2026,alberta,Alberta,120000,88258,7355,3395,17502,8470,4646,1123,31742,21.64,26.45
2026,alberta,Alberta,125000,91458,7621,3518,18802,8970,4646,1123,33542,22.22,26.83
2026,alberta,Alberta,130000,94658,7888,3641,20102,9470,4646,1123,35342,22.75,27.19
2026,alberta,Alberta,135000,97858,8155,3764,21402,9970,4646,1123,37142,23.24,27.51
2026,alberta,Alberta,140000,101058,8421,3887,22702,10470,4646,1123,38942,23.69,27.82
2026,alberta,Alberta,145000,104258,8688,4010,24002,10970,4646,1123,40742,24.12,28.1
2026,alberta,Alberta,150000,107458,8955,4133,25302,11470,4646,1123,42542,24.52,28.36
2026,alberta,Alberta,155000,110658,9221,4256,26602,11970,4646,1123,44342,24.89,28.61
2026,alberta,Alberta,160000,113766,9480,4376,27902,12563,4646,1123,46234,25.29,28.9
2026,alberta,Alberta,165000,116866,9739,4495,29202,13163,4646,1123,48134,25.68,29.17
2026,alberta,Alberta,170000,119966,9997,4614,30502,13763,4646,1123,50034,26.04,29.43
2026,alberta,Alberta,175000,123066,10255,4733,31802,14363,4646,1123,51934,26.38,29.68
2026,alberta,Alberta,180000,126166,10514,4853,33102,14963,4646,1123,53834,26.7,29.91
2026,alberta,Alberta,185000,129186,10765,4969,34482,15563,4646,1123,55814,27.05,30.17
2026,alberta,Alberta,190000,132083,11007,5080,35947,16200,4646,1123,57917,27.45,30.48
2026,alberta,Alberta,195000,134968,11247,5191,37412,16850,4646,1123,60032,27.83,30.79
2026,alberta,Alberta,200000,137854,11488,5302,38877,17500,4646,1123,62146,28.19,31.07
2026,quebec,Quebec,30000,25352,2113,975,1152,1307,1799,390,4648,8.2,15.49
2026,quebec,Quebec,35000,28720,2393,1105,1690,2000,2135,455,6280,10.54,17.94
2026,quebec,Quebec,40000,32088,2674,1234,2228,2693,2472,520,7912,12.3,19.78
2026,quebec,Quebec,45000,35456,2955,1364,2765,3386,2808,585,9544,13.67,21.21
2026,quebec,Quebec,50000,38824,3235,1493,3303,4079,3145,650,11176,14.76,22.35
2026,quebec,Quebec,55000,42192,3516,1623,3840,4772,3481,715,12808,15.66,23.29
2026,quebec,Quebec,60000,45329,3777,1743,4427,5647,3817,780,14671,16.79,24.45
2026,quebec,Quebec,65000,48180,4015,1853,5234,6587,4154,845,16820,18.19,25.88
2026,quebec,Quebec,70000,51045,4254,1963,6041,7528,4491,896,18955,19.38,27.08
2026,quebec,Quebec,75000,53965,4497,2076,6856,8466,4818,896,21035,20.43,28.05
2026,quebec,Quebec,80000,57012,4751,2193,7675,9378,5039,896,22988,21.32,28.73
2026,quebec,Quebec,85000,60060,5005,2310,8494,10290,5261,896,24940,22.1,29.34
2026,quebec,Quebec,90000,63235,5270,2432,9347,11240,5282,896,26765,22.87,29.74
2026,quebec,Quebec,95000,66410,5534,2554,10201,12190,5304,896,28590,23.57,30.09
2026,quebec,Quebec,100000,69585,5799,2676,11054,13140,5325,896,30415,24.19,30.41
2026,quebec,Quebec,105000,72768,6064,2799,11908,14090,5338,896,32232,24.76,30.7
2026,quebec,Quebec,110000,75962,6330,2922,12764,15040,5338,896,34038,25.28,30.94
2026,quebec,Quebec,115000,78969,6581,3037,13620,16177,5338,896,36031,25.91,31.33
2026,quebec,Quebec,120000,81829,6819,3147,14560,17377,5338,896,38171,26.61,31.81
2026,quebec,Quebec,125000,84544,7045,3252,15645,18577,5338,896,40456,27.38,32.37
2026,quebec,Quebec,130000,87258,7272,3356,16731,19777,5338,896,42742,28.08,32.88
2026,quebec,Quebec,135000,89969,7497,3460,17816,20980,5338,896,45031,28.74,33.36
2026,quebec,Quebec,140000,92596,7716,3561,18902,22268,5338,896,47404,29.41,33.86
2026,quebec,Quebec,145000,95223,7935,3662,19987,23555,5338,896,49777,30.03,34.33
2026,quebec,Quebec,150000,97850,8154,3763,21073,24843,5338,896,52150,30.61,34.77
2026,quebec,Quebec,155000,100477,8373,3865,22158,26130,5338,896,54523,31.15,35.18
2026,quebec,Quebec,160000,103104,8592,3966,23244,27418,5338,896,56896,31.66,35.56
2026,quebec,Quebec,165000,105731,8811,4067,24329,28705,5338,896,59269,32.14,35.92
2026,quebec,Quebec,170000,108358,9030,4168,25415,29993,5338,896,61642,32.59,36.26
2026,quebec,Quebec,175000,110985,9249,4269,26500,31280,5338,896,64015,33.02,36.58
2026,quebec,Quebec,180000,113612,9468,4370,27586,32568,5338,896,66388,33.42,36.88
2026,quebec,Quebec,185000,116173,9681,4468,28738,33855,5338,896,68827,33.83,37.2
2026,quebec,Quebec,190000,118662,9888,4564,29962,35143,5338,896,71338,34.27,37.55
2026,quebec,Quebec,195000,121151,10096,4660,31185,36430,5338,896,73849,34.67,37.87
2026,quebec,Quebec,200000,123641,10303,4755,32408,37718,5338,896,76359,35.06,38.18
2026,manitoba,Manitoba,30000,25224,2102,970,1397,1313,1577,489,4776,9.03,15.92
2026,manitoba,Manitoba,35000,28699,2392,1104,2044,1812,1874,571,6301,11.02,18
2026,manitoba,Manitoba,40000,32174,2681,1237,2691,2311,2172,652,7826,12.51,19.56
2026,manitoba,Manitoba,45000,35649,2971,1371,3338,2810,2469,733,9351,13.66,20.78
2026,manitoba,Manitoba,50000,39075,3256,1503,3985,3358,2767,815,10925,14.69,21.85
2026,manitoba,Manitoba,55000,42453,3538,1633,4632,3954,3064,896,12547,15.61,22.81
2026,manitoba,Manitoba,60000,45772,3814,1760,5338,4550,3362,978,14228,16.48,23.71
2026,manitoba,Manitoba,65000,48829,4069,1878,6307,5145,3659,1060,16171,17.62,24.88
2026,manitoba,Manitoba,70000,51899,4325,1996,7278,5743,3957,1123,18101,18.6,25.86
2026,manitoba,Manitoba,75000,55024,4585,2116,8259,6348,4246,1123,19976,19.48,26.63
2026,manitoba,Manitoba,80000,58228,4852,2240,9243,6960,4446,1123,21772,20.25,27.21
2026,manitoba,Manitoba,85000,61432,5119,2363,10227,7572,4646,1123,23568,20.94,27.73
2026,manitoba,Manitoba,90000,64770,5397,2491,11252,8209,4646,1123,25230,21.62,28.03
2026,manitoba,Manitoba,95000,68107,5676,2620,12277,8847,4646,1123,26893,22.24,28.31
2026,manitoba,Manitoba,100000,71445,5954,2748,13302,9484,4646,1123,28555,22.79,28.56
2026,manitoba,Manitoba,105000,74602,6217,2869,14327,10302,4646,1123,30398,23.46,28.95
2026,manitoba,Manitoba,110000,77707,6476,2989,15352,11172,4646,1123,32293,24.11,29.36
2026,manitoba,Manitoba,115000,80812,6734,3108,16377,12042,4646,1123,34188,24.71,29.73
2026,manitoba,Manitoba,120000,83817,6985,3224,17502,12912,4646,1123,36183,25.34,30.15
2026,manitoba,Manitoba,125000,86647,7221,3333,18802,13782,4646,1123,38353,26.07,30.68
2026,manitoba,Manitoba,130000,89477,7456,3441,20102,14652,4646,1123,40523,26.73,31.17
2026,manitoba,Manitoba,135000,92307,7692,3550,21402,15522,4646,1123,42693,27.35,31.62
2026,manitoba,Manitoba,140000,95137,7928,3659,22702,16392,4646,1123,44863,27.92,32.05
2026,manitoba,Manitoba,145000,97967,8164,3768,24002,17262,4646,1123,47033,28.46,32.44
2026,manitoba,Manitoba,150000,100797,8400,3877,25302,18132,4646,1123,49203,28.96,32.8
2026,manitoba,Manitoba,155000,103627,8636,3986,26602,19002,4646,1123,51373,29.42,33.14
2026,manitoba,Manitoba,160000,106457,8871,4094,27902,19872,4646,1123,53543,29.86,33.46
2026,manitoba,Manitoba,165000,109287,9107,4203,29202,20742,4646,1123,55713,30.27,33.77
2026,manitoba,Manitoba,170000,112117,9343,4312,30502,21612,4646,1123,57883,30.66,34.05
2026,manitoba,Manitoba,175000,114947,9579,4421,31802,22482,4646,1123,60053,31.02,34.32
2026,manitoba,Manitoba,180000,117777,9815,4530,33102,23352,4646,1123,62223,31.36,34.57
2026,manitoba,Manitoba,185000,120526,10044,4636,34482,24222,4646,1123,64474,31.73,34.85
2026,manitoba,Manitoba,190000,123192,10266,4738,35947,25092,4646,1123,66808,32.13,35.16
2026,manitoba,Manitoba,195000,125857,10488,4841,37412,25962,4646,1123,69143,32.5,35.46
2026,manitoba,Manitoba,200000,128522,10710,4943,38877,26832,4646,1123,71478,32.85,35.74
2026,saskatchewan,Saskatchewan,30000,25744,2145,990,1397,793,1577,489,4256,7.3,14.19
2026,saskatchewan,Saskatchewan,35000,29233,2436,1124,2044,1278,1874,571,5767,9.49,16.48
2026,saskatchewan,Saskatchewan,40000,32721,2727,1259,2691,1764,2172,652,7279,11.14,18.2
2026,saskatchewan,Saskatchewan,45000,36210,3018,1393,3338,2249,2469,733,8790,12.42,19.53
2026,saskatchewan,Saskatchewan,50000,39699,3308,1527,3985,2734,2767,815,10301,13.44,20.6
2026,saskatchewan,Saskatchewan,55000,43188,3599,1661,4632,3219,3064,896,11812,14.27,21.48
2026,saskatchewan,Saskatchewan,60000,46520,3877,1789,5338,3802,3362,978,13480,15.23,22.47
2026,saskatchewan,Saskatchewan,65000,49588,4132,1907,6307,4387,3659,1060,15412,16.45,23.71
2026,saskatchewan,Saskatchewan,70000,52669,4389,2026,7278,4973,3957,1123,17331,17.5,24.76
2026,saskatchewan,Saskatchewan,75000,55806,4650,2146,8259,5566,4246,1123,19194,18.43,25.59
2026,saskatchewan,Saskatchewan,80000,59022,4918,2270,9243,6166,4446,1123,20978,19.26,26.22
2026,saskatchewan,Saskatchewan,85000,62238,5186,2394,10227,6766,4646,1123,22762,19.99,26.78
2026,saskatchewan,Saskatchewan,90000,65588,5466,2523,11252,7391,4646,1123,24412,20.71,27.12
2026,saskatchewan,Saskatchewan,95000,68938,5745,2651,12277,8016,4646,1123,26062,21.36,27.43
2026,saskatchewan,Saskatchewan,100000,72288,6024,2780,13302,8641,4646,1123,27712,21.94,27.71
2026,saskatchewan,Saskatchewan,105000,75638,6303,2909,14327,9266,4646,1123,29362,22.47,27.96
2026,saskatchewan,Saskatchewan,110000,78988,6582,3038,15352,9891,4646,1123,31012,22.95,28.19
2026,saskatchewan,Saskatchewan,115000,82338,6861,3167,16377,10516,4646,1123,32662,23.38,28.4
2026,saskatchewan,Saskatchewan,120000,85587,7132,3292,17502,11141,4646,1123,34413,23.87,28.68
2026,saskatchewan,Saskatchewan,125000,88662,7389,3410,18802,11766,4646,1123,36338,24.45,29.07
2026,saskatchewan,Saskatchewan,130000,91737,7645,3528,20102,12391,4646,1123,38263,24.99,29.43
2026,saskatchewan,Saskatchewan,135000,94812,7901,3647,21402,13016,4646,1123,40188,25.49,29.77
2026,saskatchewan,Saskatchewan,140000,97887,8157,3765,22702,13641,4646,1123,42113,25.96,30.08
2026,saskatchewan,Saskatchewan,145000,100962,8414,3883,24002,14266,4646,1123,44038,26.39,30.37
2026,saskatchewan,Saskatchewan,150000,104037,8670,4001,25302,14891,4646,1123,45963,26.8,30.64
2026,saskatchewan,Saskatchewan,155000,107112,8926,4120,26602,15516,4646,1123,47888,27.17,30.9
2026,saskatchewan,Saskatchewan,160000,110126,9177,4236,27902,16202,4646,1123,49874,27.57,31.17
2026,saskatchewan,Saskatchewan,165000,113101,9425,4350,29202,16927,4646,1123,51899,27.96,31.45
2026,saskatchewan,Saskatchewan,170000,116076,9673,4464,30502,17652,4646,1123,53924,28.33,31.72
2026,saskatchewan,Saskatchewan,175000,119051,9921,4579,31802,18377,4646,1123,55949,28.67,31.97
2026,saskatchewan,Saskatchewan,180000,122026,10169,4693,33102,19102,4646,1123,57974,29,32.21
2026,saskatchewan,Saskatchewan,185000,124921,10410,4805,34482,19827,4646,1123,60079,29.36,32.48
2026,saskatchewan,Saskatchewan,190000,127731,10644,4913,35947,20552,4646,1123,62269,29.74,32.77
2026,saskatchewan,Saskatchewan,195000,130541,10878,5021,37412,21277,4646,1123,64459,30.1,33.06
2026,saskatchewan,Saskatchewan,200000,133352,11113,5129,38877,22002,4646,1123,66648,30.44,33.32
2026,nova-scotia,Nova Scotia,30000,25130,2094,967,1397,1407,1577,489,4870,9.35,16.23
2026,nova-scotia,Nova Scotia,35000,28471,2373,1095,2044,2040,1874,571,6529,11.67,18.65
2026,nova-scotia,Nova Scotia,40000,31734,2644,1221,2691,2751,2172,652,8266,13.61,20.67
2026,nova-scotia,Nova Scotia,45000,34997,2916,1346,3338,3462,2469,733,10003,15.11,22.23
2026,nova-scotia,Nova Scotia,50000,38260,3188,1472,3985,4173,2767,815,11740,16.32,23.48
2026,nova-scotia,Nova Scotia,55000,41523,3460,1597,4632,4885,3064,896,13477,17.3,24.5
2026,nova-scotia,Nova Scotia,60000,44726,3727,1720,5338,5596,3362,978,15274,18.22,25.46
2026,nova-scotia,Nova Scotia,65000,47626,3969,1832,6307,6348,3659,1060,17374,19.47,26.73
2026,nova-scotia,Nova Scotia,70000,50496,4208,1942,7278,7146,3957,1123,19504,20.61,27.86
2026,nova-scotia,Nova Scotia,75000,53423,4452,2055,8259,7949,4246,1123,21577,21.61,28.77
2026,nova-scotia,Nova Scotia,80000,56439,4703,2171,9243,8749,4446,1123,23561,22.49,29.45
2026,nova-scotia,Nova Scotia,85000,59455,4955,2287,10227,9549,4646,1123,25545,23.27,30.05
2026,nova-scotia,Nova Scotia,90000,62596,5216,2408,11252,10383,4646,1123,27404,24.04,30.45
2026,nova-scotia,Nova Scotia,95000,65738,5478,2528,12277,11216,4646,1123,29262,24.73,30.8
2026,nova-scotia,Nova Scotia,100000,68867,5739,2649,13302,12062,4646,1123,31133,25.36,31.13
2026,nova-scotia,Nova Scotia,105000,71967,5997,2768,14327,12937,4646,1123,33033,25.97,31.46
2026,nova-scotia,Nova Scotia,110000,75067,6256,2887,15352,13812,4646,1123,34933,26.51,31.76
2026,nova-scotia,Nova Scotia,115000,78167,6514,3006,16377,14687,4646,1123,36833,27.01,32.03
2026,nova-scotia,Nova Scotia,120000,81167,6764,3122,17502,15562,4646,1123,38833,27.55,32.36
2026,nova-scotia,Nova Scotia,125000,83992,6999,3230,18802,16437,4646,1123,41008,28.19,32.81
2026,nova-scotia,Nova Scotia,130000,86817,7235,3339,20102,17312,4646,1123,43183,28.78,33.22
2026,nova-scotia,Nova Scotia,135000,89642,7470,3448,21402,18187,4646,1123,45358,29.33,33.6
2026,nova-scotia,Nova Scotia,140000,92467,7706,3556,22702,19062,4646,1123,47533,29.83,33.95
2026,nova-scotia,Nova Scotia,145000,95292,7941,3665,24002,19937,4646,1123,49708,30.3,34.28
2026,nova-scotia,Nova Scotia,150000,98117,8176,3774,25302,20812,4646,1123,51883,30.74,34.59
2026,nova-scotia,Nova Scotia,155000,100942,8412,3882,26602,21687,4646,1123,54058,31.15,34.88
2026,nova-scotia,Nova Scotia,160000,103705,8642,3989,27902,22623,4646,1123,56295,31.58,35.18
2026,nova-scotia,Nova Scotia,165000,106355,8863,4091,29202,23673,4646,1123,58645,32.05,35.54
2026,nova-scotia,Nova Scotia,170000,109005,9084,4193,30502,24723,4646,1123,60995,32.49,35.88
2026,nova-scotia,Nova Scotia,175000,111655,9305,4294,31802,25773,4646,1123,63345,32.9,36.2
2026,nova-scotia,Nova Scotia,180000,114305,9525,4396,33102,26823,4646,1123,65695,33.29,36.5
2026,nova-scotia,Nova Scotia,185000,116875,9740,4495,34482,27873,4646,1123,68125,33.71,36.82
2026,nova-scotia,Nova Scotia,190000,119360,9947,4591,35947,28923,4646,1123,70640,34.14,37.18
2026,nova-scotia,Nova Scotia,195000,121846,10154,4686,37412,29973,4646,1123,73154,34.56,37.52
2026,nova-scotia,Nova Scotia,200000,124331,10361,4782,38877,31023,4646,1123,75669,34.95,37.83
2026,new-brunswick,New Brunswick,30000,25195,2100,969,1397,1341,1577,489,4805,9.13,16.02
2026,new-brunswick,New Brunswick,35000,28735,2395,1105,2044,1776,1874,571,6265,10.91,17.9
2026,new-brunswick,New Brunswick,40000,32275,2690,1241,2691,2210,2172,652,7725,12.25,19.31
2026,new-brunswick,New Brunswick,45000,35815,2985,1377,3338,2645,2469,733,9185,13.29,20.41
2026,new-brunswick,New Brunswick,50000,39354,3280,1514,3985,3079,2767,815,10646,14.13,21.29
2026,new-brunswick,New Brunswick,55000,42795,3566,1646,4632,3612,3064,896,12205,14.99,22.19
2026,new-brunswick,New Brunswick,60000,46048,3837,1771,5338,4274,3362,978,13952,16.02,23.25
2026,new-brunswick,New Brunswick,65000,49038,4086,1886,6307,4936,3659,1060,15962,17.3,24.56
2026,new-brunswick,New Brunswick,70000,52042,4337,2002,7278,5600,3957,1123,17958,18.4,25.65
2026,new-brunswick,New Brunswick,75000,55102,4592,2119,8259,6270,4246,1123,19898,19.37,26.53
2026,new-brunswick,New Brunswick,80000,58246,4854,2240,9243,6942,4446,1123,21754,20.23,27.19
2026,new-brunswick,New Brunswick,85000,61390,5116,2361,10227,7614,4646,1123,23610,20.99,27.78
2026,new-brunswick,New Brunswick,90000,64665,5389,2487,11252,8314,4646,1123,25335,21.74,28.15
2026,new-brunswick,New Brunswick,95000,67940,5662,2613,12277,9014,4646,1123,27060,22.41,28.48
2026,new-brunswick,New Brunswick,100000,71215,5935,2739,13302,9714,4646,1123,28785,23.02,28.79
2026,new-brunswick,New Brunswick,105000,74490,6207,2865,14327,10414,4646,1123,30510,23.56,29.06
2026,new-brunswick,New Brunswick,110000,77681,6473,2988,15352,11198,4646,1123,32319,24.14,29.38
2026,new-brunswick,New Brunswick,115000,80856,6738,3110,16377,11998,4646,1123,34144,24.67,29.69
2026,new-brunswick,New Brunswick,120000,83930,6994,3228,17502,12798,4646,1123,36070,25.25,30.06
2026,new-brunswick,New Brunswick,125000,86830,7236,3340,18802,13598,4646,1123,38170,25.92,30.54
2026,new-brunswick,New Brunswick,130000,89730,7478,3451,20102,14398,4646,1123,40270,26.54,30.98
2026,new-brunswick,New Brunswick,135000,92630,7719,3563,21402,15198,4646,1123,42370,27.11,31.39
2026,new-brunswick,New Brunswick,140000,95530,7961,3674,22702,15998,4646,1123,44470,27.64,31.76
2026,new-brunswick,New Brunswick,145000,98430,8203,3786,24002,16798,4646,1123,46570,28.14,32.12
2026,new-brunswick,New Brunswick,150000,101330,8444,3897,25302,17598,4646,1123,48670,28.6,32.45
2026,new-brunswick,New Brunswick,155000,104230,8686,4009,26602,18398,4646,1123,50770,29.03,32.75
2026,new-brunswick,New Brunswick,160000,107130,8928,4120,27902,19198,4646,1123,52870,29.44,33.04
2026,new-brunswick,New Brunswick,165000,110030,9169,4232,29202,19998,4646,1123,54970,29.82,33.32
2026,new-brunswick,New Brunswick,170000,112930,9411,4343,30502,20798,4646,1123,57070,30.18,33.57
2026,new-brunswick,New Brunswick,175000,115830,9653,4455,31802,21598,4646,1123,59170,30.51,33.81
2026,new-brunswick,New Brunswick,180000,118730,9894,4567,33102,22398,4646,1123,61270,30.83,34.04
2026,new-brunswick,New Brunswick,185000,121550,10129,4675,34482,23198,4646,1123,63450,31.18,34.3
2026,new-brunswick,New Brunswick,190000,124285,10357,4780,35947,23998,4646,1123,65715,31.55,34.59
2026,new-brunswick,New Brunswick,195000,127020,10585,4885,37412,24799,4646,1123,67980,31.9,34.86
2026,new-brunswick,New Brunswick,200000,129580,10798,4984,38877,25774,4646,1123,70420,32.33,35.21
2026,newfoundland,Newfoundland and Labrador,30000,25246,2104,971,1397,1291,1577,489,4754,8.96,15.85
2026,newfoundland,Newfoundland and Labrador,35000,28818,2401,1108,2044,1693,1874,571,6182,10.68,17.66
2026,newfoundland,Newfoundland and Labrador,40000,32390,2699,1246,2691,2095,2172,652,7610,11.97,19.03
2026,newfoundland,Newfoundland and Labrador,45000,35962,2997,1383,3338,2497,2469,733,9038,12.97,20.08
2026,newfoundland,Newfoundland and Labrador,50000,39252,3271,1510,3985,3181,2767,815,10748,14.33,21.5
2026,newfoundland,Newfoundland and Labrador,55000,42537,3545,1636,4632,3870,3064,896,12463,15.46,22.66
2026,newfoundland,Newfoundland and Labrador,60000,45763,3814,1760,5338,4559,3362,978,14237,16.5,23.73
2026,newfoundland,Newfoundland and Labrador,65000,48726,4060,1874,6307,5248,3659,1060,16274,17.78,25.04
2026,newfoundland,Newfoundland and Labrador,70000,51703,4309,1989,7278,5939,3957,1123,18297,18.88,26.14
2026,newfoundland,Newfoundland and Labrador,75000,54737,4561,2105,8259,6635,4246,1123,20263,19.86,27.02
2026,newfoundland,Newfoundland and Labrador,80000,57857,4821,2225,9243,7331,4446,1123,22143,20.72,27.68
2026,newfoundland,Newfoundland and Labrador,85000,60977,5081,2345,10227,8027,4646,1123,24023,21.48,28.26
2026,newfoundland,Newfoundland and Labrador,90000,64227,5352,2470,11252,8752,4646,1123,25773,22.23,28.64
2026,newfoundland,Newfoundland and Labrador,95000,67418,5618,2593,12277,9536,4646,1123,27582,22.96,29.03
2026,newfoundland,Newfoundland and Labrador,100000,70603,5884,2715,13302,10326,4646,1123,29397,23.63,29.4
2026,newfoundland,Newfoundland and Labrador,105000,73788,6149,2838,14327,11116,4646,1123,31212,24.23,29.73
2026,newfoundland,Newfoundland and Labrador,110000,76973,6414,2960,15352,11906,4646,1123,33027,24.78,30.02
2026,newfoundland,Newfoundland and Labrador,115000,80158,6680,3083,16377,12696,4646,1123,34842,25.28,30.3
2026,newfoundland,Newfoundland and Labrador,120000,83242,6937,3202,17502,13486,4646,1123,36758,25.82,30.63
2026,newfoundland,Newfoundland and Labrador,125000,86152,7179,3314,18802,14276,4646,1123,38848,26.46,31.08
2026,newfoundland,Newfoundland and Labrador,130000,89062,7422,3425,20102,15066,4646,1123,40938,27.05,31.49
2026,newfoundland,Newfoundland and Labrador,135000,91972,7664,3537,21402,15856,4646,1123,43028,27.6,31.87
2026,newfoundland,Newfoundland and Labrador,140000,94882,7907,3649,22702,16646,4646,1123,45118,28.11,32.23
2026,newfoundland,Newfoundland and Labrador,145000,97792,8149,3761,24002,17436,4646,1123,47208,28.58,32.56
2026,newfoundland,Newfoundland and Labrador,150000,100702,8392,3873,25302,18226,4646,1123,49298,29.02,32.87
2026,newfoundland,Newfoundland and Labrador,155000,103612,8634,3985,26602,19016,4646,1123,51388,29.43,33.15
2026,newfoundland,Newfoundland and Labrador,160000,106522,8877,4097,27902,19806,4646,1123,53478,29.82,33.42
2026,newfoundland,Newfoundland and Labrador,165000,109346,9112,4206,29202,20683,4646,1123,55654,30.23,33.73
2026,newfoundland,Newfoundland and Labrador,170000,112156,9346,4314,30502,21573,4646,1123,57844,30.63,34.03
2026,newfoundland,Newfoundland and Labrador,175000,114966,9580,4422,31802,22463,4646,1123,60034,31.01,34.31
2026,newfoundland,Newfoundland and Labrador,180000,117776,9815,4530,33102,23353,4646,1123,62224,31.36,34.57
2026,newfoundland,Newfoundland and Labrador,185000,120505,10042,4635,34482,24243,4646,1123,64495,31.74,34.86
2026,newfoundland,Newfoundland and Labrador,190000,123151,10263,4737,35947,25133,4646,1123,66849,32.15,35.18
2026,newfoundland,Newfoundland and Labrador,195000,125796,10483,4838,37412,26023,4646,1123,69204,32.53,35.49
2026,newfoundland,Newfoundland and Labrador,200000,128441,10703,4940,38877,26913,4646,1123,71559,32.89,35.78
2026,pei,Prince Edward Island,30000,25308,2109,973,1397,1229,1577,489,4692,8.75,15.64
2026,pei,Prince Edward Island,35000,28813,2401,1108,2044,1698,1874,571,6187,10.69,17.68
2026,pei,Prince Edward Island,40000,32152,2679,1237,2691,2333,2172,652,7848,12.56,19.62
2026,pei,Prince Edward Island,45000,35490,2958,1365,3338,2969,2469,733,9510,14.02,21.13
2026,pei,Prince Edward Island,50000,38829,3236,1493,3985,3604,2767,815,11171,15.18,22.34
2026,pei,Prince Edward Island,55000,42167,3514,1622,4632,4240,3064,896,12833,16.13,23.33
2026,pei,Prince Edward Island,60000,45447,3787,1748,5338,4875,3362,978,14553,17.02,24.26
2026,pei,Prince Edward Island,65000,48463,4039,1864,6307,5511,3659,1060,16537,18.18,25.44
2026,pei,Prince Edward Island,70000,51384,4282,1976,7278,6258,3957,1123,18616,19.34,26.59
2026,pei,Prince Edward Island,75000,54316,4526,2089,8259,7056,4246,1123,20684,20.42,27.58
2026,pei,Prince Edward Island,80000,57335,4778,2205,9243,7853,4446,1123,22665,21.37,28.33
2026,pei,Prince Edward Island,85000,60354,5030,2321,10227,8650,4646,1123,24646,22.21,29
2026,pei,Prince Edward Island,90000,63499,5292,2442,11252,9480,4646,1123,26501,23.03,29.45
2026,pei,Prince Edward Island,95000,66644,5554,2563,12277,10310,4646,1123,28356,23.78,29.85
2026,pei,Prince Edward Island,100000,69789,5816,2684,13302,11140,4646,1123,30211,24.44,30.21
2026,pei,Prince Edward Island,105000,72934,6078,2805,14327,11970,4646,1123,32066,25.04,30.54
2026,pei,Prince Edward Island,110000,76059,6338,2925,15352,12820,4646,1123,33941,25.61,30.86
2026,pei,Prince Edward Island,115000,79153,6596,3044,16377,13701,4646,1123,35847,26.15,31.17
2026,pei,Prince Edward Island,120000,82146,6846,3159,17502,14582,4646,1123,37854,26.74,31.54
2026,pei,Prince Edward Island,125000,84965,7080,3268,18802,15463,4646,1123,40035,27.41,32.03
2026,pei,Prince Edward Island,130000,87784,7315,3376,20102,16344,4646,1123,42216,28.04,32.47
2026,pei,Prince Edward Island,135000,90603,7550,3485,21402,17225,4646,1123,44397,28.61,32.89
2026,pei,Prince Edward Island,140000,93422,7785,3593,22702,18106,4646,1123,46578,29.15,33.27
2026,pei,Prince Edward Island,145000,96223,8019,3701,24002,19006,4646,1123,48777,29.66,33.64
2026,pei,Prince Edward Island,150000,98973,8248,3807,25302,19956,4646,1123,51027,30.17,34.02
2026,pei,Prince Edward Island,155000,101723,8477,3912,26602,20906,4646,1123,53277,30.65,34.37
2026,pei,Prince Edward Island,160000,104473,8706,4018,27902,21856,4646,1123,55527,31.1,34.7
2026,pei,Prince Edward Island,165000,107223,8935,4124,29202,22806,4646,1123,57777,31.52,35.02
2026,pei,Prince Edward Island,170000,109973,9164,4230,30502,23756,4646,1123,60027,31.92,35.31
2026,pei,Prince Edward Island,175000,112723,9394,4335,31802,24706,4646,1123,62277,32.29,35.59
2026,pei,Prince Edward Island,180000,115473,9623,4441,33102,25656,4646,1123,64527,32.64,35.85
2026,pei,Prince Edward Island,185000,118143,9845,4544,34482,26606,4646,1123,66857,33.02,36.14
2026,pei,Prince Edward Island,190000,120728,10061,4643,35947,27556,4646,1123,69272,33.42,36.46
2026,pei,Prince Edward Island,195000,123313,10276,4743,37412,28506,4646,1123,71687,33.8,36.76
2026,pei,Prince Edward Island,200000,125898,10492,4842,38877,29456,4646,1123,74102,34.17,37.05
2026,yukon,Yukon,30000,25898,2158,996,1397,639,1577,489,4102,6.79,13.67
2026,yukon,Yukon,35000,29576,2465,1138,2044,935,1874,571,5424,8.51,15.5
2026,yukon,Yukon,40000,33255,2771,1279,2691,1230,2172,652,6745,9.8,16.86
2026,yukon,Yukon,45000,36933,3078,1421,3338,1526,2469,733,8067,10.81,17.93
2026,yukon,Yukon,50000,40611,3384,1562,3985,1822,2767,815,9389,11.61,18.78
2026,yukon,Yukon,55000,44290,3691,1703,4632,2118,3064,896,10710,12.27,19.47
2026,yukon,Yukon,60000,47885,3990,1842,5338,2437,3362,978,12115,12.96,20.19
2026,yukon,Yukon,65000,51113,4259,1966,6307,2861,3659,1060,13887,14.11,21.36
2026,yukon,Yukon,70000,54355,4530,2091,7278,3287,3957,1123,15645,15.09,22.35
2026,yukon,Yukon,75000,57655,4805,2218,8259,3717,4246,1123,17345,15.97,23.13
2026,yukon,Yukon,80000,61039,5087,2348,9243,4149,4446,1123,18961,16.74,23.7
2026,yukon,Yukon,85000,64423,5369,2478,10227,4581,4646,1123,20577,17.42,24.21
2026,yukon,Yukon,90000,67948,5662,2613,11252,5031,4646,1123,22052,18.09,24.5
2026,yukon,Yukon,95000,71473,5956,2749,12277,5481,4646,1123,23527,18.69,24.77
2026,yukon,Yukon,100000,74998,6250,2885,13302,5931,4646,1123,25002,19.23,25
2026,yukon,Yukon,105000,78523,6544,3020,14327,6381,4646,1123,26477,19.72,25.22
2026,yukon,Yukon,110000,82048,6837,3156,15352,6831,4646,1123,27952,20.17,25.41
2026,yukon,Yukon,115000,85573,7131,3291,16377,7281,4646,1123,29427,20.57,25.59
2026,yukon,Yukon,120000,88963,7414,3422,17502,7766,4646,1123,31037,21.06,25.86
2026,yukon,Yukon,125000,92118,7676,3543,18802,8311,4646,1123,32882,21.69,26.31
2026,yukon,Yukon,130000,95273,7939,3664,20102,8856,4646,1123,34727,22.28,26.71
2026,yukon,Yukon,135000,98428,8202,3786,21402,9401,4646,1123,36572,22.82,27.09
2026,yukon,Yukon,140000,101583,8465,3907,22702,9946,4646,1123,38417,23.32,27.44
2026,yukon,Yukon,145000,104738,8728,4028,24002,10491,4646,1123,40262,23.79,27.77
2026,yukon,Yukon,150000,107893,8991,4150,25302,11036,4646,1123,42107,24.23,28.07
2026,yukon,Yukon,155000,111048,9254,4271,26602,11581,4646,1123,43952,24.63,28.36
2026,yukon,Yukon,160000,114203,9517,4392,27902,12126,4646,1123,45797,25.02,28.62
2026,yukon,Yukon,165000,117358,9780,4514,29202,12671,4646,1123,47642,25.38,28.87
2026,yukon,Yukon,170000,120513,10043,4635,30502,13216,4646,1123,49487,25.72,29.11
2026,yukon,Yukon,175000,123668,10306,4756,31802,13761,4646,1123,51332,26.04,29.33
2026,yukon,Yukon,180000,126823,10569,4878,33102,14306,4646,1123,53177,26.34,29.54
2026,yukon,Yukon,185000,129848,10821,4994,34482,14900,4646,1123,55152,26.69,29.81
2026,yukon,Yukon,190000,132737,11061,5105,35947,15547,4646,1123,57263,27.1,30.14
2026,yukon,Yukon,195000,135625,11302,5216,37412,16194,4646,1123,59375,27.49,30.45
2026,yukon,Yukon,200000,138514,11543,5327,38877,16840,4646,1123,61486,27.86,30.74
2026,northwest-territories,Northwest Territories,30000,25962,2164,999,1397,574,1577,489,4038,6.57,13.46
2026,northwest-territories,Northwest Territories,35000,29664,2472,1141,2044,847,1874,571,5336,8.26,15.25
2026,northwest-territories,Northwest Territories,40000,33365,2780,1283,2691,1120,2172,652,6635,9.53,16.59
2026,northwest-territories,Northwest Territories,45000,37067,3089,1426,3338,1392,2469,733,7933,10.51,17.63
2026,northwest-territories,Northwest Territories,50000,40768,3397,1568,3985,1665,2767,815,9232,11.3,18.46
2026,northwest-territories,Northwest Territories,55000,44430,3702,1709,4632,1978,3064,896,10570,12.02,19.22
2026,northwest-territories,Northwest Territories,60000,47938,3995,1844,5338,2384,3362,978,12062,12.87,20.1
2026,northwest-territories,Northwest Territories,65000,51184,4265,1969,6307,2790,3659,1060,13816,14,21.26
2026,northwest-territories,Northwest Territories,70000,54444,4537,2094,7278,3198,3957,1123,15556,14.97,22.22
2026,northwest-territories,Northwest Territories,75000,57763,4814,2222,8259,3609,4246,1123,17237,15.82,22.98
2026,northwest-territories,Northwest Territories,80000,61166,5097,2353,9243,4022,4446,1123,18834,16.58,23.54
2026,northwest-territories,Northwest Territories,85000,64569,5381,2483,10227,4434,4646,1123,20431,17.25,24.04
2026,northwest-territories,Northwest Territories,90000,68114,5676,2620,11252,4864,4646,1123,21886,17.91,24.32
2026,northwest-territories,Northwest Territories,95000,71659,5972,2756,12277,5294,4646,1123,23341,18.5,24.57
2026,northwest-territories,Northwest Territories,100000,75204,6267,2892,13302,5724,4646,1123,24796,19.03,24.8
2026,northwest-territories,Northwest Territories,105000,78749,6562,3029,14327,6154,4646,1123,26251,19.51,25
2026,northwest-territories,Northwest Territories,110000,82191,6849,3161,15352,6688,4646,1123,27809,20.04,25.28
2026,northwest-territories,Northwest Territories,115000,85556,7130,3291,16377,7298,4646,1123,29444,20.59,25.6
2026,northwest-territories,Northwest Territories,120000,88821,7402,3416,17502,7908,4646,1123,31179,21.17,25.98
2026,northwest-territories,Northwest Territories,125000,91911,7659,3535,18802,8518,4646,1123,33089,21.86,26.47
2026,northwest-territories,Northwest Territories,130000,95001,7917,3654,20102,9128,4646,1123,34999,22.48,26.92
2026,northwest-territories,Northwest Territories,135000,98091,8174,3773,21402,9738,4646,1123,36909,23.07,27.34
2026,northwest-territories,Northwest Territories,140000,101181,8432,3892,22702,10348,4646,1123,38819,23.61,27.73
2026,northwest-territories,Northwest Territories,145000,104271,8689,4010,24002,10958,4646,1123,40729,24.11,28.09
2026,northwest-territories,Northwest Territories,150000,107361,8947,4129,25302,11568,4646,1123,42639,24.58,28.43
2026,northwest-territories,Northwest Territories,155000,110451,9204,4248,26602,12178,4646,1123,44549,25.02,28.74
2026,northwest-territories,Northwest Territories,160000,113541,9462,4367,27902,12788,4646,1123,46459,25.43,29.04
2026,northwest-territories,Northwest Territories,165000,116631,9719,4486,29202,13398,4646,1123,48369,25.82,29.31
2026,northwest-territories,Northwest Territories,170000,119721,9977,4605,30502,14008,4646,1123,50279,26.18,29.58
2026,northwest-territories,Northwest Territories,175000,122783,10232,4722,31802,14646,4646,1123,52217,26.54,29.84
2026,northwest-territories,Northwest Territories,180000,125780,10482,4838,33102,15348,4646,1123,54220,26.92,30.12
2026,northwest-territories,Northwest Territories,185000,128697,10725,4950,34482,16051,4646,1123,56303,27.32,30.43
2026,northwest-territories,Northwest Territories,190000,131530,10961,5059,35947,16753,4646,1123,58470,27.74,30.77
2026,northwest-territories,Northwest Territories,195000,134363,11197,5168,37412,17456,4646,1123,60637,28.14,31.1
2026,northwest-territories,Northwest Territories,200000,137196,11433,5277,38877,18158,4646,1123,62804,28.52,31.4
2026,nunavut,Nunavut,30000,26206,2184,1008,1397,331,1577,489,3794,5.76,12.65
2026,nunavut,Nunavut,35000,29995,2500,1154,2044,516,1874,571,5005,7.31,14.3
2026,nunavut,Nunavut,40000,33784,2815,1299,2691,701,2172,652,6216,8.48,15.54
2026,nunavut,Nunavut,45000,37574,3131,1445,3338,886,2469,733,7426,9.39,16.5
2026,nunavut,Nunavut,50000,41363,3447,1591,3985,1070,2767,815,8637,10.11,17.27
2026,nunavut,Nunavut,55000,45152,3763,1737,4632,1255,3064,896,9848,10.7,17.91
2026,nunavut,Nunavut,60000,48773,4064,1876,5338,1549,3362,978,11227,11.48,18.71
2026,nunavut,Nunavut,65000,52092,4341,2004,6307,1882,3659,1060,12908,12.6,19.86
2026,nunavut,Nunavut,70000,55426,4619,2132,7278,2216,3957,1123,14574,13.56,20.82
2026,nunavut,Nunavut,75000,58819,4902,2262,8259,2553,4246,1123,16181,14.42,21.57
2026,nunavut,Nunavut,80000,62299,5192,2396,9243,2889,4446,1123,17701,15.16,22.13
2026,nunavut,Nunavut,85000,65779,5482,2530,10227,3225,4646,1123,19221,15.83,22.61
2026,nunavut,Nunavut,90000,69404,5784,2669,11252,3575,4646,1123,20596,16.47,22.88
2026,nunavut,Nunavut,95000,73029,6086,2809,12277,3925,4646,1123,21971,17.05,23.13
2026,nunavut,Nunavut,100000,76654,6388,2948,13302,4275,4646,1123,23346,17.58,23.35
2026,nunavut,Nunavut,105000,80279,6690,3088,14327,4625,4646,1123,24721,18.05,23.54
2026,nunavut,Nunavut,110000,83904,6992,3227,15352,4975,4646,1123,26096,18.48,23.72
2026,nunavut,Nunavut,115000,87483,7290,3365,16377,5370,4646,1123,27517,18.91,23.93
2026,nunavut,Nunavut,120000,90908,7576,3496,17502,5820,4646,1123,29092,19.44,24.24
2026,nunavut,Nunavut,125000,94158,7846,3621,18802,6270,4646,1123,30842,20.06,24.67
2026,nunavut,Nunavut,130000,97408,8117,3746,20102,6720,4646,1123,32592,20.63,25.07
2026,nunavut,Nunavut,135000,100658,8388,3871,21402,7170,4646,1123,34342,21.16,25.44
2026,nunavut,Nunavut,140000,103908,8659,3996,22702,7620,4646,1123,36092,21.66,25.78
2026,nunavut,Nunavut,145000,107158,8930,4121,24002,8070,4646,1123,37842,22.12,26.1
2026,nunavut,Nunavut,150000,110408,9201,4246,25302,8520,4646,1123,39592,22.55,26.39
2026,nunavut,Nunavut,155000,113658,9471,4371,26602,8970,4646,1123,41342,22.95,26.67
2026,nunavut,Nunavut,160000,116908,9742,4496,27902,9420,4646,1123,43092,23.33,26.93
2026,nunavut,Nunavut,165000,120158,10013,4621,29202,9870,4646,1123,44842,23.68,27.18
2026,nunavut,Nunavut,170000,123408,10284,4746,30502,10320,4646,1123,46592,24.01,27.41
2026,nunavut,Nunavut,175000,126658,10555,4871,31802,10770,4646,1123,48342,24.33,27.62
2026,nunavut,Nunavut,180000,129908,10826,4996,33102,11220,4646,1123,50092,24.62,27.83
2026,nunavut,Nunavut,185000,133017,11085,5116,34482,11731,4646,1123,51983,24.98,28.1
2026,nunavut,Nunavut,190000,135977,11331,5230,35947,12306,4646,1123,54023,25.4,28.43
2026,nunavut,Nunavut,195000,138937,11578,5344,37412,12881,4646,1123,56063,25.79,28.75
2026,nunavut,Nunavut,200000,141898,11825,5458,38877,13456,4646,1123,58102,26.17,29.05
